timestamp,username,source_ip,destination_host,device_id,geo_location,hour
2024-11-01T08:12:00Z,j.smith,10.0.1.15,workstation-22,deviceA,US-TX,8
2024-11-01T09:05:00Z,j.smith,10.0.1.15,workstation-22,deviceA,US-TX,9
2024-11-01T10:22:00Z,j.smith,10.0.1.15,workstation-22,deviceA,US-TX,10
2024-11-02T08:15:00Z,j.smith,10.0.1.15,workstation-22,deviceA,US-TX,8
2024-11-02T09:10:00Z,j.smith,10.0.1.15,workstation-22,deviceA,US-TX,9
2024-11-02T10:30:00Z,j.smith,10.0.1.15,workstation-22,deviceA,US-TX,10
2024-11-03T08:20:00Z,j.smith,10.0.1.15,workstation-22,deviceA,US-TX,8
2024-11-03T09:18:00Z,j.smith,10.0.1.15,workstation-22,deviceA,US-TX,9
2024-11-03T10:40:00Z,j.smith,10.0.1.15,workstation-22,deviceA,US-TX,10
